day,plant_code,client_code,vehicle_id,vehicle_type,qty,carry_standard_size,min_standard_size,occupied_size
1,2413,B1204683,324,15.1,1.0,102,58,3.0
1,2413,B2938516,92,15.1,39.0,102,58,101.4
1,2413,B2938516,185,15.1,42.0,102,58,100.8
1,2413,B2938516,199,7.1,11.0,68,47,20.9
1,2413,B2938516,280,15.1,68.0,102,58,102.0
1,2413,B2938516,759,15.1,1.0,102,58,2.8
1,2413,C4560927,243,15.1,39.0,102,58,101.4
1,2413,C4560927,319,15.1,15.0,102,58,36.0
1,2413,C4560927,845,15.1,44.0,102,58,101.19999999999999
1,2413,C4560927,846,15.1,18.0,102,58,41.4
1,2413,C4560927,1018,7.1,2.0,68,47,5.4
1,2413,C6314025,189,15.1,36.0,102,58,100.8
1,2413,C6314025,281,15.1,51.0,102,58,102.0
1,2413,C6314025,301,15.1,53.0,102,58,100.69999999999999
1,2413,C6314025,307,15.1,35.0,102,58,101.5
1,2413,C7251603,261,7.1,24.0,68,47,62.400000000000006
1,2413,C7251603,277,15.1,32.0,102,58,83.2
1,2413,C7930865,198,7.1,13.0,68,47,19.5
1,2413,C7930865,325,15.1,35.0,102,58,98.0
1,2413,E6210375,841,15.1,63.0,102,58,100.80000000000001
1,2413,F5349612,323,15.1,7.0,102,58,16.8
1,2413,F5349612,766,7.1,9.0,68,47,20.7
1,2413,F5349612,995,7.1,18.0,68,47,28.8
1,2413,G7641085,242,7.1,39.0,68,47,66.3
1,2413,G7641085,741,7.1,4.0,68,47,9.2
1,2413,G7641085,763,7.1,28.0,68,47,61.60000000000001
1,2413,G7641085,807,15.1,39.0,102,58,101.4
1,2413,G7641085,808,15.1,39.0,102,58,101.4
1,2413,J1289375,959,15.1,35.0,102,58,91.0
1,2413,J1289375,1017,7.1,2.0,68,47,5.6
1,2413,K3265907,932,15.1,36.0,102,58,72.0
1,2413,L1827560,262,7.1,23.0,68,47,59.800000000000004
1,2413,L1827560,276,15.1,31.0,102,58,43.4
1,2413,L1827560,317,15.1,37.0,102,58,99.9
1,2413,M4068951,183,15.1,39.0,102,58,101.4
1,2413,M4068951,746,15.1,26.0,102,58,41.6
1,2413,M4068951,872,15.1,46.0,102,58,101.2
1,2413,O1283795,105,7.1,31.0,68,47,62.0
1,2413,O1283795,120,15.1,41.0,102,58,61.5
1,2413,O1283795,165,15.1,72.0,102,58,100.8
1,2413,O1283795,264,7.1,20.0,68,47,58.0
1,2413,O1283795,271,7.1,1.0,68,47,2.8
1,2413,O1283795,854,15.1,58.0,102,58,92.80000000000001
1,2413,O1283795,928,7.1,37.0,68,47,62.9
1,2413,O7031842,195,15.1,31.0,102,58,71.3
1,2413,O7031842,232,15.1,51.0,102,58,102.0
1,2413,O7031842,843,15.1,63.0,102,58,100.80000000000001
1,2413,Q1327495,669,15.1,39.0,102,58,101.4
1,2413,Q1327495,900,15.1,42.0,102,58,100.8
1,2413,Q1327495,915,15.1,39.0,102,58,101.4
1,2413,Q3096541,121,15.1,17.0,102,58,34.0
1,2413,Q3096541,168,15.1,69.0,102,58,69.0
1,2413,Q3096541,233,15.1,51.0,102,58,102.0
1,2413,Q3096541,269,7.1,5.0,68,47,14.0
1,2413,Q3096541,285,15.1,68.0,102,58,102.0
1,2413,Q3096541,975,7.1,32.0,68,47,54.4
1,2413,Q3096541,985,7.1,25.0,68,47,40.0
1,2413,R0298165,735,7.1,7.0,68,47,16.099999999999998
1,2413,R0298165,1012,7.1,4.0,68,47,10.4
1,2413,R0298165,1019,7.1,1.0,68,47,2.3
1,2413,R6480235,273,15.1,68.0,102,58,102.0
1,2413,R6480235,274,15.1,45.0,102,58,67.5
1,2413,S9015746,716,7.1,25.0,68,47,65.0
1,2413,S9015746,911,15.1,39.0,102,58,101.4
1,2413,V9826073,278,15.1,38.0,102,58,91.2
1,2413,V9826073,292,15.1,37.0,102,58,99.9
1,2413,V9826073,820,15.1,36.0,102,58,100.8
1,2413,V9826073,821,15.1,36.0,102,58,100.8
1,2413,X6270184,73,15.1,51.0,102,58,102.0
1,2413,X6270184,880,15.1,43.0,102,58,68.8
1,2413,X6270184,939,15.1,36.0,102,58,100.8
1,2413,Y0792348,753,15.1,53.0,102,58,84.80000000000001
1,2413,Y0792348,993,7.1,19.0,68,47,49.4
1,2413,Y0792348,1016,7.1,2.0,68,47,5.4
1,2413,Y0829641,293,15.1,37.0,102,58,99.9
1,2413,Y0829641,294,15.1,19.0,102,58,51.300000000000004
1,2413,Y0829641,727,7.1,14.0,68,47,28.0
1,2413,Y0829641,738,7.1,6.0,68,47,13.200000000000001
1,2413,Y0829641,865,15.1,51.0,102,58,102.0
1,2413,Y0829641,874,15.1,44.0,102,58,101.19999999999999
1,2413,Y6028915,259,15.1,28.0,102,58,81.2
1,2413,Y6028915,287,15.1,34.0,102,58,102.0
1,2413,Y6028915,990,7.1,21.0,68,47,48.3
1,7476,B1204683,8,15.1,36.0,102,58,100.8
1,7476,B2938516,6,15.1,78.0,102,58,101.4
1,7476,B2938516,223,15.1,34.0,102,58,102.0
1,7476,B4793602,303,15.1,32.0,102,58,96.0
1,7476,B4793602,699,15.1,34.0,102,58,102.0
1,7476,C6314025,760,15.1,36.0,102,58,100.8
1,7476,C7251603,266,7.1,17.0,68,47,51.0
1,7476,C7251603,970,15.1,34.0,102,58,102.0
1,7476,E6210375,282,15.1,78.0,102,58,101.4
1,7476,F5349612,7,15.1,36.0,102,58,100.8
1,7476,G7641085,1007,7.1,7.0,68,47,21.0
1,7476,L1827560,255,15.1,34.0,102,58,102.0
1,7476,L1827560,964,15.1,34.0,102,58,102.0
1,7476,O1283795,5,15.1,39.0,102,58,101.4
1,7476,O1283795,947,15.1,36.0,102,58,100.8
1,7476,Q1327495,305,15.1,36.0,102,58,100.8
1,7476,Q1327495,700,15.1,34.0,102,58,102.0
1,7476,Q3096541,704,15.1,34.0,102,58,102.0
1,7476,T2681740,284,15.1,36.0,102,58,100.8
1,7476,Y6028915,747,15.1,72.0,102,58,100.8
2,2413,B1204683,451,15.1,11.0,102,58,18.7
2,2413,B1204683,458,15.1,31.0,102,58,80.60000000000001
2,2413,B1204683,533,7.1,25.0,68,47,60.0
2,2413,B1204683,597,15.1,37.0,102,58,99.9
2,2413,B1204683,598,15.1,30.0,102,58,81.0
2,2413,B1204683,668,15.1,39.0,102,58,101.4
2,2413,B1204683,696,15.1,35.0,102,58,70.0
2,2413,B1204683,764,7.1,22.0,68,47,35.2
2,2413,B1204683,851,15.1,60.0,102,58,102.0
2,2413,B2938516,442,15.1,42.0,102,58,100.8
2,2413,B2938516,460,15.1,51.0,102,58,102.0
2,2413,B2938516,461,15.1,17.0,102,58,34.0
2,2413,B2938516,468,15.1,44.0,102,58,101.19999999999999
2,2413,B2938516,469,15.1,14.0,102,58,32.199999999999996
2,2413,B2938516,486,15.1,44.0,102,58,101.19999999999999
2,2413,B2938516,487,15.1,7.0,102,58,16.099999999999998
2,2413,B2938516,546,7.1,10.0,68,47,30.0
2,2413,B2938516,609,15.1,46.0,102,58,101.2
2,2413,B2938516,610,15.1,15.0,102,58,33.0
2,2413,B2938516,629,15.1,48.0,102,58,72.0
2,2413,B2938516,642,15.1,44.0,102,58,101.19999999999999
2,2413,B2938516,675,15.1,37.0,102,58,99.9
2,2413,B2938516,744,7.1,1.0,68,47,1.5
2,2413,B2938516,936,15.1,36.0,102,58,100.8
2,2413,B2938516,955,7.1,35.0,68,47,56.0
2,2413,B2938516,1009,7.1,6.0,68,47,15.600000000000001
2,2413,B4793602,450,15.1,37.0,102,58,99.9
2,2413,B4793602,464,15.1,1.0,102,58,1.6
2,2413,B4793602,498,15.1,43.0,102,58,94.60000000000001
2,2413,B4793602,516,15.1,36.0,102,58,72.0
2,2413,B4793602,604,15.1,63.0,102,58,100.80000000000001
2,2413,B4793602,616,7.1,60.0,68,47,60.0
2,2413,B4793602,677,15.1,37.0,102,58,99.9
2,2413,B4793602,782,15.1,92.0,102,58,101.2
2,2413,B4793602,894,15.1,42.0,102,58,100.8
2,2413,C4560927,408,15.1,51.0,102,58,102.0
2,2413,C4560927,477,15.1,21.0,102,58,63.0
2,2413,C4560927,504,15.1,5.0,102,58,14.0
2,2413,C4560927,557,15.1,39.0,102,58,62.400000000000006
2,2413,C4560927,637,15.1,35.0,102,58,101.5
2,2413,C4560927,638,15.1,10.0,102,58,29.0
2,2413,C4560927,645,15.1,44.0,102,58,101.19999999999999
2,2413,C4560927,657,15.1,42.0,102,58,100.8
2,2413,C4560927,670,7.1,39.0,68,47,58.5
2,2413,C4560927,701,15.1,34.0,102,58,81.6
2,2413,C4560927,827,15.1,35.0,102,58,101.5
2,2413,C4560927,828,15.1,35.0,102,58,101.5
2,2413,C4560927,839,15.1,42.0,102,58,100.8
2,2413,C4560927,840,15.1,24.0,102,58,57.599999999999994
2,2413,C4560927,844,15.1,63.0,102,58,100.80000000000001
2,2413,C4560927,866,7.1,51.0,68,47,66.3
2,2413,C4560927,867,15.1,51.0,102,58,102.0
2,2413,C4560927,917,15.1,39.0,102,58,74.1
2,2413,C6314025,410,15.1,78.0,102,58,101.4
2,2413,C6314025,432,15.1,42.0,102,58,100.8
2,2413,C6314025,433,15.1,40.0,102,58,96.0
2,2413,C6314025,658,15.1,34.0,102,58,102.0
2,2413,C6314025,659,15.1,7.0,102,58,21.0
2,2413,C6314025,660,15.1,36.0,102,58,100.8
2,2413,C6314025,661,15.1,4.0,102,58,11.2
2,2413,C6314025,693,15.1,35.0,102,58,101.5
2,2413,C6314025,714,15.1,27.0,102,58,75.6
2,2413,C6314025,728,7.1,14.0,68,47,30.800000000000004
2,2413,C6314025,772,15.1,102.0,102,58,102.0
2,2413,C6314025,815,15.1,36.0,102,58,100.8
2,2413,C6314025,816,15.1,36.0,102,58,100.8
2,2413,C6314025,833,15.1,68.0,102,58,102.0
2,2413,C6314025,973,15.1,33.0,102,58,79.2
2,2413,C7251603,671,15.1,39.0,102,58,101.4
2,2413,C7930865,544,7.1,12.0,68,47,27.599999999999998
2,2413,C7930865,549,7.1,3.0,68,47,7.199999999999999
2,2413,C7930865,564,15.1,42.0,102,58,100.8
2,2413,C7930865,565,15.1,42.0,102,58,100.8
2,2413,C7930865,571,15.1,42.0,102,58,100.8
2,2413,C7930865,679,15.1,36.0,102,58,100.8
2,2413,C7930865,829,15.1,68.0,102,58,102.0
2,2413,C7930865,881,15.1,39.0,102,58,101.4
2,2413,C7930865,882,15.1,3.0,102,58,7.800000000000001
2,2413,C7930865,905,15.1,40.0,102,58,96.0
2,2413,E6210375,404,15.1,36.0,102,58,100.8
2,2413,E6210375,405,15.1,34.0,102,58,95.19999999999999
2,2413,E6210375,434,15.1,60.0,102,58,102.0
2,2413,E6210375,435,15.1,21.0,102,58,35.699999999999996
2,2413,E6210375,494,15.1,44.0,102,58,70.4
2,2413,E6210375,513,15.1,36.0,102,58,100.8
2,2413,E6210375,528,7.1,31.0,68,47,58.9
2,2413,E6210375,618,15.1,57.0,102,58,85.5
2,2413,E6210375,621,7.1,56.0,68,47,56.0
2,2413,E6210375,680,15.1,36.0,102,58,100.8
2,2413,E6210375,736,7.1,7.0,68,47,10.5
2,2413,E6210375,803,15.1,39.0,102,58,101.4
2,2413,E6210375,804,15.1,39.0,102,58,101.4
2,2413,E6210375,830,15.1,34.0,102,58,102.0
2,2413,E6210375,831,15.1,34.0,102,58,102.0
2,2413,E6210375,886,15.1,42.0,102,58,100.8
2,2413,F5349612,556,15.1,102.0,102,58,102.0
2,2413,F5349612,566,15.1,42.0,102,58,100.8
2,2413,F5349612,567,15.1,42.0,102,58,100.8
2,2413,F5349612,644,15.1,44.0,102,58,101.19999999999999
2,2413,F5349612,706,15.1,32.0,102,58,83.2
2,2413,F5349612,749,15.1,63.0,102,58,100.80000000000001
2,2413,F5349612,823,15.1,35.0,102,58,101.5
2,2413,F5349612,824,15.1,35.0,102,58,101.5
2,2413,F5349612,868,15.1,50.0,102,58,70.0
2,2413,F5349612,1021,7.1,1.0,68,47,1.0
2,2413,G7641085,411,15.1,72.0,102,58,100.8
2,2413,G7641085,412,15.1,24.0,102,58,33.599999999999994
2,2413,G7641085,416,15.1,92.0,102,58,101.2
2,2413,G7641085,463,15.1,22.0,102,58,52.8
2,2413,G7641085,479,15.1,44.0,102,58,101.19999999999999
2,2413,G7641085,480,15.1,9.0,102,58,20.7
2,2413,G7641085,611,15.1,51.0,102,58,102.0
2,2413,G7641085,612,15.1,10.0,102,58,20.0
2,2413,G7641085,634,15.1,46.0,102,58,101.2
2,2413,G7641085,650,15.1,42.0,102,58,100.8
2,2413,G7641085,694,15.1,35.0,102,58,98.0
2,2413,G7641085,695,15.1,35.0,102,58,101.5
2,2413,G7641085,891,15.1,42.0,102,58,100.8
2,2413,G7641085,892,15.1,42.0,102,58,100.8
2,2413,G7641085,920,15.1,36.0,102,58,100.8
2,2413,G7641085,921,15.1,2.0,102,58,5.6
2,2413,G7641085,941,15.1,36.0,102,58,100.8
2,2413,G7641085,966,15.1,34.0,102,58,102.0
2,2413,J1289375,449,15.1,44.0,102,58,101.19999999999999
2,2413,K3265907,409,15.1,72.0,102,58,100.8
2,2413,K3265907,606,15.1,39.0,102,58,101.4
2,2413,K3265907,662,15.1,39.0,102,58,101.4
2,2413,K3265907,765,7.1,21.0,68,47,33.6
2,2413,K3265907,988,7.1,23.0,68,47,59.800000000000004
2,2413,L1827560,430,15.1,39.0,102,58,101.4
2,2413,L1827560,431,15.1,39.0,102,58,101.4
2,2413,L1827560,485,15.1,51.0,102,58,102.0
2,2413,L1827560,495,15.1,44.0,102,58,101.19999999999999
2,2413,L1827560,509,15.1,37.0,102,58,99.9
2,2413,L1827560,545,7.1,11.0,68,47,33.0
2,2413,L1827560,561,15.1,87.0,102,58,95.7
2,2413,L1827560,592,15.1,34.0,102,58,102.0
2,2413,L1827560,593,15.1,34.0,102,58,102.0
2,2413,L1827560,623,15.1,53.0,102,58,100.69999999999999
2,2413,L1827560,632,15.1,42.0,102,58,100.8
2,2413,L1827560,633,15.1,4.0,102,58,9.6
2,2413,L1827560,805,15.1,39.0,102,58,101.4
2,2413,L1827560,806,15.1,39.0,102,58,101.4
2,2413,L1827560,855,15.1,57.0,102,58,85.5
2,2413,L1827560,887,15.1,42.0,102,58,100.8
2,2413,L1827560,888,15.1,42.0,102,58,100.8
2,2413,L1827560,934,15.1,36.0,102,58,100.8
2,2413,L1827560,1005,7.1,7.0,68,47,18.2
2,2413,M4068951,418,15.1,39.0,102,58,101.4
2,2413,M4068951,419,15.1,39.0,102,58,101.4
2,2413,M4068951,420,15.1,13.0,102,58,33.800000000000004
2,2413,M4068951,446,15.1,36.0,102,58,100.8
2,2413,M4068951,447,15.1,36.0,102,58,100.8
2,2413,M4068951,448,15.1,3.0,102,58,8.399999999999999
2,2413,M4068951,467,7.1,60.0,68,47,60.0
2,2413,M4068951,500,15.1,42.0,102,58,100.8
2,2413,M4068951,522,7.1,33.0,68,47,46.199999999999996
2,2413,M4068951,552,15.1,68.0,102,58,102.0
2,2413,M4068951,555,15.1,12.0,102,58,13.200000000000001
2,2413,M4068951,615,15.1,60.0,102,58,102.0
2,2413,M4068951,652,15.1,42.0,102,58,100.8
2,2413,M4068951,676,15.1,37.0,102,58,99.9
2,2413,M4068951,737,7.1,7.0,68,47,18.2
2,2413,M4068951,842,15.1,63.0,102,58,100.80000000000001
2,2413,M4068951,869,15.1,49.0,102,58,73.5
2,2413,M4068951,903,15.1,35.0,102,58,101.5
2,2413,M4068951,904,15.1,6.0,102,58,17.4
2,2413,M4068951,977,15.1,30.0,102,58,72.0
2,2413,M4068951,1013,7.1,4.0,68,47,9.6
2,2413,O1283795,395,15.1,46.0,102,58,101.2
2,2413,O1283795,396,15.1,46.0,102,58,101.2
2,2413,O1283795,428,15.1,39.0,102,58,101.4
2,2413,O1283795,429,15.1,8.0,102,58,20.8
2,2413,O1283795,438,15.1,79.0,102,58,86.9
2,2413,O1283795,501,15.1,42.0,102,58,100.8
2,2413,O1283795,517,15.1,36.0,102,58,100.8
2,2413,O1283795,520,15.1,35.0,102,58,84.0
2,2413,O1283795,530,7.1,29.0,68,47,66.69999999999999
2,2413,O1283795,536,7.1,21.0,68,47,48.3
2,2413,O1283795,548,7.1,6.0,68,47,15.600000000000001
2,2413,O1283795,625,15.1,51.0,102,58,102.0
2,2413,O1283795,655,15.1,42.0,102,58,100.8
2,2413,O1283795,705,7.1,33.0,68,47,42.9
2,2413,O1283795,858,15.1,37.0,102,58,99.9
2,2413,O1283795,859,15.1,16.0,102,58,43.2
2,2413,O1283795,877,15.1,44.0,102,58,101.19999999999999
2,2413,O1283795,878,15.1,44.0,102,58,101.19999999999999
2,2413,O1283795,912,15.1,39.0,102,58,101.4
2,2413,O1283795,956,15.1,35.0,102,58,101.5
2,2413,O1283795,957,15.1,34.0,102,58,102.0
2,2413,O1283795,958,15.1,1.0,102,58,3.0
2,2413,O1283795,983,7.1,26.0,68,47,39.0
2,2413,O1283795,987,7.1,24.0,68,47,52.800000000000004
2,2413,O7031842,443,15.1,9.0,102,58,13.5
2,2413,O7031842,521,15.1,35.0,102,58,101.5
2,2413,O7031842,525,15.1,33.0,102,58,79.2
2,2413,O7031842,724,7.1,17.0,68,47,45.900000000000006
2,2413,O7031842,726,7.1,15.0,68,47,39.0
2,2413,O7031842,729,7.1,13.0,68,47,20.8
2,2413,O7031842,733,7.1,11.0,68,47,26.4
2,2413,O7031842,795,15.1,60.0,102,58,102.0
2,2413,O7031842,796,15.1,23.0,102,58,39.1
2,2413,O7031842,913,15.1,39.0,102,58,101.4
2,2413,O7031842,949,15.1,36.0,102,58,100.8
2,2413,O7031842,974,7.1,32.0,68,47,44.8
2,2413,O7031842,979,15.1,30.0,102,58,90.0
2,2413,O7031842,997,7.1,17.0,68,47,22.1
2,2413,Q1327495,397,15.1,35.0,102,58,101.5
2,2413,Q1327495,398,15.1,10.0,102,58,29.0
2,2413,Q1327495,425,15.1,35.0,102,58,66.5
2,2413,Q1327495,437,15.1,18.0,102,58,28.8
2,2413,Q1327495,439,15.1,51.0,102,58,102.0
2,2413,Q1327495,440,15.1,28.0,102,58,56.0
2,2413,Q1327495,444,15.1,34.0,102,58,102.0
2,2413,Q1327495,465,15.1,22.0,102,58,52.8
2,2413,Q1327495,496,15.1,44.0,102,58,101.19999999999999
2,2413,Q1327495,505,7.1,40.0,68,47,68.0
2,2413,Q1327495,570,15.1,42.0,102,58,100.8
2,2413,Q1327495,605,15.1,63.0,102,58,100.80000000000001
2,2413,Q1327495,688,15.1,36.0,102,58,79.2
2,2413,Q1327495,761,15.1,36.0,102,58,100.8
2,2413,Q1327495,856,7.1,55.0,68,47,55.0
2,2413,Q1327495,860,15.1,53.0,102,58,100.69999999999999
2,2413,Q1327495,916,15.1,39.0,102,58,101.4
2,2413,Q1327495,960,15.1,35.0,102,58,84.0
2,2413,Q3096541,423,15.1,68.0,102,58,102.0
2,2413,Q3096541,424,15.1,21.0,102,58,31.5
2,2413,Q3096541,553,15.1,78.0,102,58,101.4
2,2413,Q3096541,554,15.1,27.0,102,58,35.1
2,2413,Q3096541,559,15.1,44.0,102,58,101.19999999999999
2,2413,Q3096541,560,15.1,44.0,102,58,101.19999999999999
2,2413,Q3096541,626,15.1,51.0,102,58,102.0
2,2413,Q3096541,673,15.1,38.0,102,58,72.2
2,2413,Q3096541,697,15.1,35.0,102,58,80.5
2,2413,Q3096541,713,15.1,28.0,102,58,81.2
2,2413,Q3096541,723,7.1,18.0,68,47,39.6
2,2413,Q3096541,725,7.1,17.0,68,47,40.8
2,2413,Q3096541,750,15.1,63.0,102,58,100.80000000000001
2,2413,Q3096541,800,15.1,80.0,102,58,88.0
2,2413,Q3096541,918,15.1,39.0,102,58,101.4
2,2413,R0298165,535,7.1,21.0,68,47,56.7
2,2413,R0298165,572,15.1,39.0,102,58,101.4
2,2413,R0298165,573,15.1,39.0,102,58,101.4
2,2413,R0298165,636,15.1,45.0,102,58,99.00000000000001
2,2413,R0298165,863,15.1,51.0,102,58,102.0
2,2413,R0298165,923,15.1,37.0,102,58,99.9
2,2413,R6480235,482,15.1,42.0,102,58,100.8
2,2413,R6480235,601,15.1,36.0,102,58,100.8
2,2413,R6480235,602,15.1,29.0,102,58,81.19999999999999
2,2413,S9015746,399,15.1,46.0,102,58,101.2
2,2413,S9015746,400,15.1,42.0,102,58,100.8
2,2413,S9015746,401,15.1,29.0,102,58,69.6
2,2413,S9015746,402,15.1,36.0,102,58,97.2
2,2413,S9015746,406,15.1,63.0,102,58,100.80000000000001
2,2413,S9015746,407,15.1,42.0,102,58,67.2
2,2413,S9015746,470,15.1,34.0,102,58,102.0
2,2413,S9015746,471,15.1,23.0,102,58,69.0
2,2413,S9015746,653,15.1,42.0,102,58,100.8
2,2413,S9015746,678,15.1,37.0,102,58,99.9
2,2413,S9015746,784,15.1,68.0,102,58,102.0
2,2413,S9015746,785,15.1,21.0,102,58,31.5
2,2413,S9015746,835,15.1,46.0,102,58,101.2
2,2413,S9015746,836,15.1,22.0,102,58,48.400000000000006
2,2413,S9015746,927,15.1,37.0,102,58,99.9
2,2413,T2681740,392,15.1,44.0,102,58,101.19999999999999
2,2413,T2681740,393,15.1,44.0,102,58,101.19999999999999
2,2413,T2681740,394,15.1,28.0,102,58,64.39999999999999
2,2413,T2681740,413,15.1,42.0,102,58,100.8
2,2413,T2681740,414,15.1,42.0,102,58,100.8
2,2413,T2681740,452,15.1,60.0,102,58,102.0
2,2413,T2681740,453,15.1,10.0,102,58,17.0
2,2413,T2681740,483,15.1,39.0,102,58,101.4
2,2413,T2681740,484,15.1,12.0,102,58,31.200000000000003
2,2413,T2681740,582,15.1,36.0,102,58,100.8
2,2413,T2681740,583,15.1,36.0,102,58,100.8
2,2413,T2681740,776,15.1,68.0,102,58,102.0
2,2413,T2681740,777,15.1,29.0,102,58,43.5
2,2413,T2681740,864,15.1,51.0,102,58,102.0
2,2413,T2681740,883,15.1,42.0,102,58,100.8
2,2413,T2681740,963,15.1,34.0,102,58,102.0
2,2413,T2681740,1002,7.1,11.0,68,47,26.4
2,2413,V9826073,524,7.1,33.0,68,47,49.5
2,2413,V9826073,538,7.1,18.0,68,47,41.4
2,2413,V9826073,543,7.1,13.0,68,47,36.4
2,2413,V9826073,595,15.1,68.0,102,58,102.0
2,2413,V9826073,989,7.1,23.0,68,47,66.7
2,2413,X6270184,515,15.1,36.0,102,58,93.60000000000001
2,2413,X6270184,603,15.1,63.0,102,58,100.80000000000001
2,2413,X6270184,731,7.1,11.0,68,47,29.700000000000003
2,2413,X6270184,756,15.1,44.0,102,58,101.19999999999999
2,2413,X6270184,757,15.1,1.0,102,58,2.3
2,2413,X6270184,925,15.1,37.0,102,58,99.9
2,2413,X6270184,1010,7.1,6.0,68,47,17.4
2,2413,Y0792348,466,15.1,63.0,102,58,100.80000000000001
2,2413,Y0792348,532,7.1,25.0,68,47,67.5
2,2413,Y0792348,577,15.1,39.0,102,58,101.4
2,2413,Y0792348,578,15.1,39.0,102,58,101.4
2,2413,Y0792348,685,15.1,36.0,102,58,100.8
2,2413,Y0792348,720,7.1,20.0,68,47,60.0
2,2413,Y0792348,968,15.1,34.0,102,58,95.19999999999999
2,2413,Y0829641,403,15.1,78.0,102,58,101.4
2,2413,Y0829641,415,15.1,16.0,102,58,41.6
2,2413,Y0829641,417,15.1,23.0,102,58,34.5
2,2413,Y0829641,454,15.1,53.0,102,58,100.69999999999999
2,2413,Y0829641,514,15.1,36.0,102,58,100.8
2,2413,Y0829641,537,7.1,18.0,68,47,41.4
2,2413,Y0829641,613,15.1,60.0,102,58,102.0
2,2413,Y0829641,619,15.1,42.0,102,58,100.8
2,2413,Y0829641,620,15.1,15.0,102,58,36.0
2,2413,Y0829641,641,15.1,44.0,102,58,101.19999999999999
2,2413,Y0829641,648,15.1,42.0,102,58,100.8
2,2413,Y0829641,832,15.1,68.0,102,58,102.0
2,2413,Y0829641,976,7.1,31.0,68,47,49.6
2,2413,Y0829641,980,7.1,29.0,68,47,37.7
2,2413,Y0829641,1011,7.1,5.0,68,47,12.0
2,2413,Y6028915,390,15.1,42.0,102,58,100.8
2,2413,Y6028915,391,15.1,34.0,102,58,81.6
2,2413,Y6028915,421,15.1,36.0,102,58,100.8
2,2413,Y6028915,422,15.1,18.0,102,58,50.4
2,2413,Y6028915,462,15.1,44.0,102,58,101.19999999999999
2,2413,Y6028915,523,15.1,33.0,102,58,85.8
2,2413,Y6028915,542,7.1,13.0,68,47,31.2
2,2413,Y6028915,551,15.1,60.0,102,58,102.0
2,2413,Y6028915,586,15.1,72.0,102,58,100.8
2,2413,Y6028915,666,7.1,39.0,68,47,58.5
2,2413,Y6028915,667,15.1,39.0,102,58,101.4
2,2413,Y6028915,707,15.1,32.0,102,58,96.0
2,2413,Y6028915,717,7.1,23.0,68,47,34.5
2,2413,Y6028915,778,15.1,63.0,102,58,100.80000000000001
2,2413,Y6028915,779,15.1,34.0,102,58,54.400000000000006
2,2413,Y6028915,793,15.1,42.0,102,58,100.8
2,2413,Y6028915,794,15.1,42.0,102,58,100.8
2,2413,Y6028915,837,15.1,46.0,102,58,101.2
2,2413,Y6028915,838,15.1,22.0,102,58,48.400000000000006
2,2413,Y6028915,853,15.1,59.0,102,58,100.3
2,7476,B1204683,210,15.1,36.0,102,58,100.8
2,7476,B1204683,687,15.1,36.0,102,58,100.8
2,7476,B1204683,950,15.1,36.0,102,58,100.8
2,7476,B2938516,33,7.1,12.0,68,47,15.600000000000001
2,7476,B2938516,249,15.1,36.0,102,58,100.8
2,7476,B2938516,599,15.1,34.0,102,58,102.0
2,7476,B2938516,600,15.1,31.0,102,58,93.0
2,7476,B2938516,937,15.1,36.0,102,58,100.8
2,7476,B4793602,2,15.1,15.0,102,58,42.0
2,7476,B4793602,684,15.1,36.0,102,58,100.8
2,7476,B4793602,790,15.1,36.0,102,58,100.8
2,7476,B4793602,791,15.1,36.0,102,58,100.8
2,7476,B4793602,792,15.1,13.0,102,58,36.4
2,7476,B4793602,910,7.1,39.0,68,47,54.599999999999994
2,7476,B4793602,943,15.1,36.0,102,58,100.8
2,7476,C4560927,55,15.1,72.0,102,58,100.8
2,7476,C4560927,320,15.1,10.0,102,58,28.0
2,7476,C6314025,11,15.1,34.0,102,58,102.0
2,7476,C6314025,12,15.1,4.0,102,58,12.0
2,7476,C6314025,25,7.1,40.0,68,47,56.0
2,7476,C6314025,56,15.1,34.0,102,58,102.0
2,7476,C6314025,719,7.1,21.0,68,47,58.8
2,7476,C6314025,797,15.1,78.0,102,58,101.4
2,7476,C6314025,798,15.1,3.0,102,58,3.9000000000000004
2,7476,C7251603,703,15.1,34.0,102,58,102.0
2,7476,C7930865,762,7.1,34.0,68,47,47.599999999999994
2,7476,E6210375,114,7.1,12.0,68,47,15.600000000000001
2,7476,E6210375,751,15.1,36.0,102,58,100.8
2,7476,E6210375,752,15.1,24.0,102,58,67.19999999999999
2,7476,F5349612,315,15.1,36.0,102,58,100.8
2,7476,G7641085,24,15.1,36.0,102,58,100.8
2,7476,G7641085,51,15.1,36.0,102,58,100.8
2,7476,G7641085,251,15.1,36.0,102,58,100.8
2,7476,G7641085,871,7.1,46.0,68,47,59.800000000000004
2,7476,M4068951,35,7.1,1.0,68,47,1.3
2,7476,M4068951,208,15.1,78.0,102,58,101.4
2,7476,M4068951,817,15.1,72.0,102,58,100.8
2,7476,M4068951,1015,7.1,2.0,68,47,6.0
2,7476,O1283795,29,15.1,30.0,102,58,84.0
2,7476,O1283795,98,15.1,36.0,102,58,100.8
2,7476,O1283795,630,15.1,34.0,102,58,102.0
2,7476,O1283795,631,15.1,13.0,102,58,39.0
2,7476,O7031842,3,15.1,78.0,102,58,101.4
2,7476,O7031842,272,7.1,1.0,68,47,2.8
2,7476,O7031842,758,7.1,38.0,68,47,53.199999999999996
2,7476,O7031842,969,15.1,34.0,102,58,102.0
2,7476,O7031842,1014,7.1,4.0,68,47,5.2
2,7476,Q1327495,38,15.1,34.0,102,58,102.0
2,7476,Q1327495,39,15.1,34.0,102,58,102.0
2,7476,Q1327495,268,7.1,5.0,68,47,14.0
2,7476,Q1327495,689,15.1,36.0,102,58,100.8
2,7476,Q1327495,722,7.1,18.0,68,47,50.4
2,7476,Q1327495,822,15.1,71.0,102,58,99.39999999999999
2,7476,Q1327495,1001,7.1,12.0,68,47,36.0
2,7476,Q3096541,31,7.1,17.0,68,47,51.0
2,7476,Q3096541,617,15.1,59.0,102,58,82.6
2,7476,Q3096541,692,15.1,36.0,102,58,100.8
2,7476,R0298165,101,15.1,34.0,102,58,102.0
2,7476,R0298165,721,7.1,18.0,68,47,54.0
2,7476,R0298165,802,15.1,78.0,102,58,101.4
2,7476,R6480235,608,15.1,62.0,102,58,80.60000000000001
2,7476,R6480235,745,7.1,1.0,68,47,3.0
2,7476,R6480235,748,15.1,36.0,102,58,100.8
2,7476,S9015746,991,7.1,20.0,68,47,60.0
2,7476,T2681740,18,15.1,34.0,102,58,102.0
2,7476,T2681740,19,15.1,12.0,102,58,36.0
2,7476,T2681740,238,15.1,9.0,102,58,25.2
2,7476,T2681740,309,15.1,34.0,102,58,102.0
2,7476,T2681740,933,15.1,36.0,102,58,100.8
2,7476,V9826073,115,7.1,12.0,68,47,33.599999999999994
2,7476,V9826073,948,15.1,36.0,102,58,100.8
2,7476,X6270184,234,15.1,16.0,102,58,48.0
2,7476,X6270184,682,15.1,36.0,102,58,100.8
2,7476,X6270184,773,15.1,34.0,102,58,102.0
2,7476,X6270184,774,15.1,34.0,102,58,102.0
2,7476,X6270184,775,15.1,34.0,102,58,102.0
2,7476,X6270184,940,15.1,36.0,102,58,100.8
2,7476,Y0792348,100,15.1,35.0,102,58,98.0
2,7476,Y0829641,15,15.1,34.0,102,58,102.0
2,7476,Y0829641,119,15.1,23.0,102,58,69.0
2,7476,Y6028915,52,15.1,36.0,102,58,100.8
2,7476,Y6028915,53,15.1,36.0,102,58,100.8
3,2413,B1204683,103,15.1,34.0,102,58,102.0
3,2413,B1204683,107,15.1,30.0,102,58,87.0
3,2413,B1204683,295,15.1,44.0,102,58,101.19999999999999
3,2413,B1204683,333,15.1,42.0,102,58,100.8
3,2413,B1204683,334,15.1,37.0,102,58,88.8
3,2413,B1204683,346,15.1,63.0,102,58,100.80000000000001
3,2413,B1204683,356,15.1,51.0,102,58,102.0
3,2413,B1204683,372,15.1,42.0,102,58,100.8
3,2413,B1204683,384,15.1,31.0,102,58,71.3
3,2413,B1204683,783,15.1,91.0,102,58,100.10000000000001
3,2413,B1204683,914,15.1,39.0,102,58,101.4
3,2413,B2938516,66,15.1,60.0,102,58,102.0
3,2413,B2938516,93,15.1,37.0,102,58,99.9
3,2413,B2938516,97,15.1,36.0,102,58,100.8
3,2413,B2938516,117,7.1,4.0,68,47,4.4
3,2413,B2938516,182,15.1,11.0,102,58,31.9
3,2413,B2938516,218,15.1,34.0,102,58,102.0
3,2413,B2938516,236,15.1,46.0,102,58,101.2
3,2413,B2938516,283,15.1,53.0,102,58,100.69999999999999
3,2413,B2938516,306,15.1,44.0,102,58,101.19999999999999
3,2413,B2938516,345,15.1,27.0,102,58,75.6
3,2413,B2938516,378,7.1,37.0,68,47,51.8
3,2413,B2938516,436,15.1,39.0,102,58,101.4
3,2413,B2938516,455,15.1,28.0,102,58,67.2
3,2413,B2938516,497,15.1,43.0,102,58,73.1
3,2413,B2938516,579,15.1,42.0,102,58,100.8
3,2413,B2938516,580,15.1,35.0,102,58,84.0
3,2413,B2938516,698,15.1,34.0,102,58,102.0
3,2413,B2938516,742,7.1,3.0,68,47,7.800000000000001
3,2413,B2938516,769,15.1,35.0,102,58,101.5
3,2413,B2938516,770,15.1,35.0,102,58,101.5
3,2413,B2938516,771,15.1,35.0,102,58,101.5
3,2413,B2938516,780,15.1,92.0,102,58,101.2
3,2413,B2938516,889,15.1,42.0,102,58,100.8
3,2413,B2938516,908,15.1,39.0,102,58,101.4
3,2413,B2938516,935,15.1,36.0,102,58,100.8
3,2413,B2938516,972,15.1,33.0,102,58,79.2
3,2413,B4793602,128,15.1,68.0,102,58,102.0
3,2413,B4793602,129,15.1,41.0,102,58,61.5
3,2413,B4793602,146,15.1,60.0,102,58,102.0
3,2413,B4793602,147,15.1,38.0,102,58,64.6
3,2413,B4793602,156,15.1,42.0,102,58,100.8
3,2413,B4793602,157,15.1,37.0,102,58,88.8
3,2413,B4793602,159,15.1,4.0,102,58,10.8
3,2413,B4793602,164,15.1,36.0,102,58,100.8
3,2413,B4793602,201,15.1,4.0,102,58,4.4
3,2413,B4793602,220,15.1,68.0,102,58,102.0
3,2413,B4793602,244,15.1,2.0,102,58,5.6
3,2413,B4793602,253,15.1,35.0,102,58,101.5
3,2413,B4793602,256,15.1,34.0,102,58,81.6
3,2413,B4793602,336,15.1,35.0,102,58,84.0
3,2413,B4793602,366,15.1,34.0,102,58,102.0
3,2413,B4793602,382,15.1,32.0,102,58,89.6
3,2413,B4793602,387,7.1,4.0,68,47,11.6
3,2413,B4793602,489,15.1,42.0,102,58,100.8
3,2413,B4793602,490,15.1,7.0,102,58,16.8
3,2413,B4793602,508,7.1,39.0,68,47,58.5
3,2413,B4793602,526,15.1,32.0,102,58,83.2
3,2413,B4793602,818,15.1,36.0,102,58,100.8
3,2413,B4793602,819,15.1,36.0,102,58,100.8
3,2413,B4793602,875,15.1,34.0,102,58,102.0
3,2413,B4793602,876,15.1,10.0,102,58,30.0
3,2413,B4793602,926,15.1,37.0,102,58,99.9
3,2413,C4560927,63,15.1,42.0,102,58,100.8
3,2413,C4560927,69,15.1,42.0,102,58,100.8
3,2413,C4560927,70,15.1,11.0,102,58,26.4
3,2413,C4560927,302,15.1,37.0,102,58,99.9
3,2413,C4560927,304,15.1,36.0,102,58,100.8
3,2413,C4560927,383,7.1,32.0,68,47,35.2
3,2413,C4560927,493,15.1,46.0,102,58,101.2
3,2413,C4560927,499,15.1,43.0,102,58,98.89999999999999
3,2413,C4560927,511,15.1,37.0,102,58,96.2
3,2413,C4560927,512,15.1,37.0,102,58,99.9
3,2413,C4560927,639,15.1,9.0,102,58,25.2
3,2413,C4560927,702,15.1,34.0,102,58,102.0
3,2413,C4560927,952,15.1,36.0,102,58,100.8
3,2413,C4560927,953,15.1,36.0,102,58,100.8
3,2413,C4560927,984,7.1,25.0,68,47,55.00000000000001
3,2413,C6314025,88,15.1,6.0,102,58,17.4
3,2413,C6314025,132,15.1,2.0,102,58,3.8
3,2413,C6314025,149,15.1,29.0,102,58,43.5
3,2413,C6314025,172,15.1,46.0,102,58,101.2
3,2413,C6314025,173,15.1,42.0,102,58,100.8
3,2413,C6314025,174,15.1,18.0,102,58,43.199999999999996
3,2413,C6314025,230,15.1,53.0,102,58,100.69999999999999
3,2413,C6314025,241,15.1,34.0,102,58,102.0
3,2413,C6314025,297,15.1,46.0,102,58,101.2
3,2413,C6314025,322,15.1,15.0,102,58,15.0
3,2413,C6314025,389,7.1,3.0,68,47,6.0
3,2413,C6314025,456,15.1,42.0,102,58,100.8
3,2413,C6314025,457,15.1,28.0,102,58,67.2
3,2413,C6314025,473,15.1,37.0,102,58,99.9
3,2413,C6314025,474,15.1,19.0,102,58,51.300000000000004
3,2413,C6314025,614,15.1,60.0,102,58,102.0
3,2413,C6314025,890,15.1,42.0,102,58,100.8
3,2413,C6314025,994,7.1,18.0,68,47,23.400000000000002
3,2413,C6314025,1020,7.1,1.0,68,47,1.7
3,2413,C7251603,171,15.1,61.0,102,58,91.5
3,2413,C7251603,352,15.1,56.0,102,58,95.2
3,2413,C7251603,852,15.1,60.0,102,58,102.0
3,2413,C7930865,72,15.1,9.0,102,58,21.599999999999998
3,2413,C7930865,184,15.1,44.0,102,58,101.19999999999999
3,2413,C7930865,212,15.1,36.0,102,58,100.8
3,2413,C7930865,371,15.1,42.0,102,58,100.8
3,2413,E6210375,108,15.1,29.0,102,58,81.19999999999999
3,2413,E6210375,118,15.1,68.0,102,58,102.0
3,2413,E6210375,136,15.1,42.0,102,58,100.8
3,2413,E6210375,459,15.1,69.0,102,58,75.9
3,2413,E6210375,472,15.1,17.0,102,58,44.2
3,2413,E6210375,607,15.1,20.0,102,58,48.0
3,2413,E6210375,674,15.1,37.0,102,58,85.1
3,2413,E6210375,718,7.1,22.0,68,47,66.0
3,2413,F5349612,77,15.1,46.0,102,58,101.2
3,2413,F5349612,113,7.1,14.0,68,47,33.6
3,2413,F5349612,197,7.1,16.0,68,47,46.4
3,2413,F5349612,221,15.1,68.0,102,58,102.0
3,2413,F5349612,239,15.1,42.0,102,58,100.8
3,2413,F5349612,357,15.1,46.0,102,58,101.2
3,2413,F5349612,358,15.1,4.0,102,58,8.8
3,2413,F5349612,581,15.1,74.0,102,58,81.4
3,2413,F5349612,922,7.1,38.0,68,47,57.0
3,2413,G7641085,126,15.1,42.0,102,58,100.8
3,2413,G7641085,127,15.1,25.0,102,58,60.0
3,2413,G7641085,196,7.1,24.0,68,47,57.599999999999994
3,2413,G7641085,219,15.1,68.0,102,58,102.0
3,2413,G7641085,226,15.1,53.0,102,58,100.69999999999999
3,2413,G7641085,227,15.1,6.0,102,58,11.399999999999999
3,2413,G7641085,267,7.1,11.0,68,47,33.0
3,2413,G7641085,328,15.1,44.0,102,58,101.19999999999999
3,2413,G7641085,329,15.1,44.0,102,58,101.19999999999999
3,2413,G7641085,354,15.1,16.0,102,58,41.6
3,2413,G7641085,355,15.1,52.0,102,58,83.2
3,2413,G7641085,360,15.1,37.0,102,58,99.9
3,2413,G7641085,361,15.1,12.0,102,58,32.400000000000006
3,2413,G7641085,488,15.1,10.0,102,58,26.0
3,2413,G7641085,507,15.1,39.0,102,58,101.4
3,2413,G7641085,627,7.1,50.0,68,47,65.0
3,2413,G7641085,651,15.1,42.0,102,58,100.8
3,2413,G7641085,664,7.1,39.0,68,47,58.5
3,2413,G7641085,665,15.1,39.0,102,58,101.4
3,2413,G7641085,999,7.1,12.0,68,47,34.8
3,2413,J1289375,138,15.1,42.0,102,58,100.8
3,2413,J1289375,154,15.1,42.0,102,58,100.8
3,2413,J1289375,190,15.1,36.0,102,58,100.8
3,2413,J1289375,228,15.1,37.0,102,58,99.9
3,2413,J1289375,229,15.1,20.0,102,58,54.0
3,2413,J1289375,300,15.1,39.0,102,58,101.4
3,2413,J1289375,385,7.1,9.0,68,47,21.599999999999998
3,2413,J1289375,622,15.1,55.0,102,58,82.5
3,2413,J1289375,635,15.1,46.0,102,58,69.0
3,2413,J1289375,656,15.1,42.0,102,58,100.8
3,2413,J1289375,710,15.1,31.0,102,58,71.3
3,2413,J1289375,799,15.1,81.0,102,58,81.0
3,2413,J1289375,849,15.1,42.0,102,58,100.8
3,2413,J1289375,850,15.1,18.0,102,58,43.199999999999996
3,2413,J1289375,879,7.1,44.0,68,47,48.400000000000006
3,2413,K3265907,96,7.1,36.0,68,47,61.199999999999996
3,2413,K3265907,231,7.1,51.0,68,47,56.1
3,2413,K3265907,344,15.1,63.0,102,58,100.80000000000001
3,2413,K3265907,374,15.1,37.0,102,58,85.1
3,2413,K3265907,986,7.1,24.0,68,47,33.599999999999994
3,2413,L1827560,61,15.1,63.0,102,58,100.80000000000001
3,2413,L1827560,62,15.1,4.0,102,58,6.4
3,2413,L1827560,81,15.1,44.0,102,58,101.19999999999999
3,2413,L1827560,85,15.1,42.0,102,58,100.8
3,2413,L1827560,109,7.1,23.0,68,47,46.0
3,2413,L1827560,162,15.1,36.0,102,58,100.8
3,2413,L1827560,163,15.1,2.0,102,58,5.6
3,2413,L1827560,175,15.1,53.0,102,58,100.69999999999999
3,2413,L1827560,176,15.1,2.0,102,58,3.8
3,2413,L1827560,187,15.1,41.0,102,58,98.39999999999999
3,2413,L1827560,188,15.1,37.0,102,58,99.9
3,2413,L1827560,343,15.1,22.0,102,58,52.8
3,2413,L1827560,353,15.1,55.0,102,58,71.5
3,2413,L1827560,359,15.1,49.0,102,58,73.5
3,2413,L1827560,375,15.1,37.0,102,58,88.8
3,2413,L1827560,388,7.1,3.0,68,47,8.100000000000001
3,2413,L1827560,519,15.1,35.0,102,58,101.5
3,2413,L1827560,531,7.1,25.0,68,47,57.49999999999999
3,2413,L1827560,709,7.1,31.0,68,47,52.699999999999996
3,2413,L1827560,954,15.1,35.0,102,58,101.5
3,2413,M4068951,135,15.1,44.0,102,58,101.19999999999999
3,2413,M4068951,155,15.1,34.0,102,58,102.0
3,2413,M4068951,179,15.1,52.0,102,58,78.0
3,2413,M4068951,191,15.1,35.0,102,58,101.5
3,2413,M4068951,235,15.1,50.0,102,58,85.0
3,2413,M4068951,270,7.1,2.0,68,47,2.6
3,2413,M4068951,316,15.1,36.0,102,58,100.8
3,2413,M4068951,338,15.1,36.0,102,58,100.8
3,2413,M4068951,339,15.1,34.0,102,58,95.19999999999999
3,2413,M4068951,342,15.1,25.0,102,58,60.0
3,2413,M4068951,350,15.1,51.0,102,58,102.0
3,2413,M4068951,351,15.1,6.0,102,58,12.0
3,2413,M4068951,539,7.1,17.0,68,47,39.099999999999994
3,2413,M4068951,562,15.1,44.0,102,58,101.19999999999999
3,2413,M4068951,563,15.1,42.0,102,58,96.6
3,2413,M4068951,643,15.1,44.0,102,58,101.19999999999999
3,2413,M4068951,732,7.1,11.0,68,47,33.0
3,2413,M4068951,781,15.1,92.0,102,58,101.2
3,2413,M4068951,809,15.1,78.0,102,58,101.4
3,2413,M4068951,893,15.1,42.0,102,58,100.8
3,2413,M4068951,909,15.1,39.0,102,58,74.1
3,2413,M4068951,967,15.1,34.0,102,58,102.0
3,2413,M4068951,981,15.1,28.0,102,58,75.60000000000001
3,2413,O1283795,64,15.1,26.0,102,58,67.60000000000001
3,2413,O1283795,68,15.1,37.0,102,58,99.9
3,2413,O1283795,75,15.1,42.0,102,58,100.8
3,2413,O1283795,76,15.1,7.0,102,58,16.8
3,2413,O1283795,104,15.1,32.0,102,58,76.8
3,2413,O1283795,111,7.1,16.0,68,47,38.4
3,2413,O1283795,258,15.1,30.0,102,58,84.0
3,2413,O1283795,286,15.1,68.0,102,58,102.0
3,2413,O1283795,299,15.1,36.0,102,58,100.8
3,2413,O1283795,558,15.1,60.0,102,58,102.0
3,2413,O1283795,594,15.1,68.0,102,58,102.0
3,2413,O1283795,982,7.1,28.0,68,47,67.2
3,2413,O7031842,78,15.1,46.0,102,58,101.2
3,2413,O7031842,82,15.1,44.0,102,58,101.19999999999999
3,2413,O7031842,142,15.1,35.0,102,58,101.5
3,2413,O7031842,143,15.1,30.0,102,58,87.0
3,2413,O7031842,145,15.1,99.0,102,58,99.0
3,2413,O7031842,160,15.1,39.0,102,58,101.4
3,2413,O7031842,209,15.1,78.0,102,58,101.4
3,2413,O7031842,240,15.1,42.0,102,58,100.8
3,2413,O7031842,265,7.1,18.0,68,47,50.4
3,2413,O7031842,308,15.1,38.0,102,58,76.0
3,2413,O7031842,368,7.1,43.0,68,47,47.300000000000004
3,2413,O7031842,373,15.1,39.0,102,58,101.4
3,2413,O7031842,380,15.1,36.0,102,58,79.2
3,2413,O7031842,510,15.1,37.0,102,58,99.9
3,2413,O7031842,518,15.1,36.0,102,58,100.8
3,2413,O7031842,547,7.1,7.0,68,47,18.2
3,2413,O7031842,596,15.1,68.0,102,58,102.0
3,2413,O7031842,672,15.1,38.0,102,58,72.2
3,2413,O7031842,712,15.1,30.0,102,58,84.0
3,2413,O7031842,898,15.1,42.0,102,58,100.8
3,2413,Q1327495,60,15.1,68.0,102,58,102.0
3,2413,Q1327495,89,15.1,41.0,102,58,98.39999999999999
3,2413,Q1327495,91,7.1,40.0,68,47,60.0
3,2413,Q1327495,130,15.1,36.0,102,58,100.8
3,2413,Q1327495,131,15.1,36.0,102,58,100.8
3,2413,Q1327495,161,15.1,42.0,102,58,100.8
3,2413,Q1327495,193,7.1,34.0,68,47,51.0
3,2413,Q1327495,206,15.1,42.0,102,58,100.8
3,2413,Q1327495,207,15.1,39.0,102,58,93.6
3,2413,Q1327495,245,15.1,36.0,102,58,100.8
3,2413,Q1327495,246,15.1,1.0,102,58,2.8
3,2413,Q1327495,247,15.1,37.0,102,58,99.9
3,2413,Q1327495,312,15.1,46.0,102,58,64.39999999999999
3,2413,Q1327495,321,15.1,13.0,102,58,33.800000000000004
3,2413,Q1327495,331,15.1,39.0,102,58,101.4
3,2413,Q1327495,332,15.1,6.0,102,58,15.600000000000001
3,2413,Q1327495,347,15.1,62.0,102,58,68.2
3,2413,Q1327495,363,15.1,46.0,102,58,101.2
3,2413,Q1327495,591,15.1,72.0,102,58,100.8
3,2413,Q1327495,740,7.1,5.0,68,47,13.5
3,2413,Q1327495,825,15.1,35.0,102,58,101.5
3,2413,Q1327495,826,15.1,35.0,102,58,101.5
3,2413,Q1327495,899,7.1,42.0,68,47,54.6
3,2413,Q1327495,901,15.1,34.0,102,58,102.0
3,2413,Q1327495,902,15.1,8.0,102,58,24.0
3,2413,Q1327495,929,15.1,36.0,102,58,100.8
3,2413,Q1327495,930,15.1,1.0,102,58,2.8
3,2413,Q3096541,125,15.1,46.0,102,58,101.2
3,2413,Q3096541,133,15.1,20.0,102,58,46.0
3,2413,Q3096541,134,15.1,72.0,102,58,100.8
3,2413,Q3096541,137,15.1,34.0,102,58,102.0
3,2413,Q3096541,140,15.1,42.0,102,58,100.8
3,2413,Q3096541,141,15.1,42.0,102,58,100.8
3,2413,Q3096541,148,15.1,35.0,102,58,101.5
3,2413,Q3096541,152,15.1,22.0,102,58,33.0
3,2413,Q3096541,158,15.1,44.0,102,58,101.19999999999999
3,2413,Q3096541,169,15.1,42.0,102,58,100.8
3,2413,Q3096541,170,15.1,24.0,102,58,57.599999999999994
3,2413,Q3096541,177,15.1,42.0,102,58,100.8
3,2413,Q3096541,178,15.1,11.0,102,58,26.4
3,2413,Q3096541,215,15.1,34.0,102,58,102.0
3,2413,Q3096541,216,15.1,34.0,102,58,102.0
3,2413,Q3096541,217,15.1,1.0,102,58,3.0
3,2413,Q3096541,237,15.1,46.0,102,58,101.2
3,2413,Q3096541,275,15.1,37.0,102,58,99.9
3,2413,Q3096541,369,15.1,39.0,102,58,101.4
3,2413,Q3096541,370,15.1,4.0,102,58,10.4
3,2413,Q3096541,426,15.1,39.0,102,58,101.4
3,2413,Q3096541,427,15.1,9.0,102,58,23.400000000000002
3,2413,Q3096541,691,15.1,36.0,102,58,100.8
3,2413,Q3096541,711,15.1,31.0,102,58,83.7
3,2413,Q3096541,919,15.1,39.0,102,58,101.4
3,2413,Q3096541,961,15.1,35.0,102,58,101.5
3,2413,Q3096541,962,7.1,35.0,68,47,49.0
3,2413,R0298165,260,7.1,27.0,68,47,45.9
3,2413,R0298165,364,15.1,44.0,102,58,101.19999999999999
3,2413,R0298165,529,7.1,30.0,68,47,48.0
3,2413,R0298165,540,7.1,15.0,68,47,30.0
3,2413,R0298165,640,15.1,44.0,102,58,101.19999999999999
3,2413,R0298165,847,15.1,60.0,102,58,102.0
3,2413,R6480235,87,15.1,42.0,102,58,100.8
3,2413,R6480235,1003,7.1,10.0,68,47,24.0
3,2413,T2681740,326,15.1,36.0,102,58,100.8
3,2413,T2681740,327,15.1,3.0,102,58,8.399999999999999
3,2413,T2681740,335,15.1,77.0,102,58,100.10000000000001
3,2413,T2681740,337,15.1,19.0,102,58,38.0
3,2413,T2681740,349,15.1,17.0,102,58,40.8
3,2413,T2681740,362,15.1,12.0,102,58,36.0
3,2413,T2681740,367,15.1,1.0,102,58,2.4
3,2413,T2681740,381,7.1,34.0,68,47,51.0
3,2413,T2681740,441,15.1,35.0,102,58,101.5
3,2413,T2681740,475,15.1,37.0,102,58,99.9
3,2413,T2681740,476,15.1,18.0,102,58,48.6
3,2413,T2681740,527,15.1,31.0,102,58,86.8
3,2413,T2681740,647,15.1,42.0,102,58,100.8
3,2413,T2681740,811,15.1,53.0,102,58,100.69999999999999
3,2413,T2681740,812,15.1,24.0,102,58,45.599999999999994
3,2413,T2681740,873,7.1,45.0,68,47,49.50000000000001
3,2413,T2681740,884,15.1,35.0,102,58,101.5
3,2413,T2681740,885,15.1,7.0,102,58,20.3
3,2413,V9826073,83,15.1,35.0,102,58,101.5
3,2413,V9826073,84,15.1,8.0,102,58,23.2
3,2413,V9826073,86,15.1,42.0,102,58,100.8
3,2413,V9826073,180,15.1,42.0,102,58,100.8
3,2413,V9826073,181,15.1,9.0,102,58,21.599999999999998
3,2413,V9826073,202,15.1,60.0,102,58,102.0
3,2413,V9826073,203,15.1,31.0,102,58,52.699999999999996
3,2413,V9826073,330,15.1,84.0,102,58,84.0
3,2413,V9826073,534,7.1,24.0,68,47,64.80000000000001
3,2413,V9826073,767,15.1,78.0,102,58,101.4
3,2413,V9826073,768,15.1,31.0,102,58,40.300000000000004
3,2413,V9826073,786,15.1,44.0,102,58,101.19999999999999
3,2413,V9826073,787,15.1,44.0,102,58,101.19999999999999
3,2413,X3276890,74,15.1,51.0,102,58,76.5
3,2413,X6270184,150,15.1,36.0,102,58,100.8
3,2413,X6270184,151,15.1,22.0,102,58,61.599999999999994
3,2413,X6270184,153,15.1,42.0,102,58,100.8
3,2413,X6270184,166,15.1,42.0,102,58,100.8
3,2413,X6270184,167,15.1,27.0,102,58,64.8
3,2413,X6270184,224,15.1,42.0,102,58,100.8
3,2413,X6270184,225,15.1,21.0,102,58,50.4
3,2413,X6270184,252,15.1,35.0,102,58,101.5
3,2413,X6270184,348,7.1,61.0,68,47,61.0
3,2413,X6270184,365,15.1,44.0,102,58,101.19999999999999
3,2413,X6270184,386,7.1,4.0,68,47,12.0
3,2413,X6270184,445,15.1,29.0,102,58,63.800000000000004
3,2413,X6270184,502,15.1,41.0,102,58,82.0
3,2413,X6270184,649,15.1,42.0,102,58,96.6
3,2413,X6270184,730,7.1,11.0,68,47,16.5
3,2413,X6270184,834,15.1,68.0,102,58,102.0
3,2413,X6270184,857,15.1,54.0,102,58,75.6
3,2413,X6270184,870,15.1,46.0,102,58,101.2
3,2413,X6270184,965,15.1,34.0,102,58,102.0
3,2413,Y0792348,90,15.1,40.0,102,58,88.0
3,2413,Y0792348,116,7.1,7.0,68,47,16.8
3,2413,Y0792348,123,15.1,102.0,102,58,102.0
3,2413,Y0792348,186,15.1,42.0,102,58,96.6
3,2413,Y0792348,194,15.1,32.0,102,58,73.6
3,2413,Y0792348,222,15.1,66.0,102,58,99.0
3,2413,Y0792348,254,15.1,35.0,102,58,101.5
3,2413,Y0792348,291,15.1,34.0,102,58,102.0
3,2413,Y0792348,296,15.1,37.0,102,58,99.9
3,2413,Y0792348,310,15.1,35.0,102,58,101.5
3,2413,Y0792348,491,7.1,48.0,68,47,67.19999999999999
3,2413,Y0792348,541,7.1,13.0,68,47,37.699999999999996
3,2413,Y0792348,654,15.1,42.0,102,58,100.8
3,2413,Y0792348,978,7.1,30.0,68,47,45.0
3,2413,Y0792348,1000,7.1,12.0,68,47,12.0
3,2413,Y0829641,65,15.1,63.0,102,58,100.80000000000001
3,2413,Y0829641,67,15.1,23.0,102,58,69.0
3,2413,Y0829641,71,15.1,16.0,102,58,44.8
3,2413,Y0829641,122,15.1,42.0,102,58,100.8
3,2413,Y0829641,139,15.1,68.0,102,58,102.0
3,2413,Y0829641,192,15.1,34.0,102,58,102.0
3,2413,Y0829641,200,15.1,102.0,102,58,102.0
3,2413,Y0829641,205,15.1,42.0,102,58,100.8
3,2413,Y0829641,263,7.1,23.0,68,47,55.199999999999996
3,2413,Y0829641,314,15.1,34.0,102,58,102.0
3,2413,Y0829641,376,7.1,37.0,68,47,62.9
3,2413,Y0829641,377,15.1,37.0,102,58,96.2
3,2413,Y0829641,379,15.1,36.0,102,58,100.8
3,2413,Y0829641,478,15.1,53.0,102,58,74.19999999999999
3,2413,Y0829641,481,15.1,46.0,102,58,101.2
3,2413,Y0829641,492,15.1,42.0,102,58,100.8
3,2413,Y0829641,506,15.1,39.0,102,58,101.4
3,2413,Y0829641,550,7.1,1.0,68,47,1.0
3,2413,Y0829641,574,15.1,39.0,102,58,101.4
3,2413,Y0829641,575,15.1,39.0,102,58,101.4
3,2413,Y0829641,681,15.1,36.0,102,58,100.8
3,2413,Y0829641,813,15.1,42.0,102,58,100.8
3,2413,Y0829641,814,15.1,31.0,102,58,74.39999999999999
3,2413,Y0829641,924,15.1,37.0,102,58,99.9
3,2413,Y0829641,971,7.1,33.0,68,47,49.5
3,2413,Y0829641,992,7.1,19.0,68,47,53.199999999999996
3,2413,Y0829641,996,7.1,17.0,68,47,32.3
3,2413,Y6028915,57,15.1,68.0,102,58,102.0
3,2413,Y6028915,58,15.1,34.0,102,58,102.0
3,2413,Y6028915,94,7.1,37.0,68,47,51.8
3,2413,Y6028915,124,15.1,39.0,102,58,101.4
3,2413,Y6028915,144,15.1,99.0,102,58,99.0
3,2413,Y6028915,213,15.1,37.0,102,58,99.9
3,2413,Y6028915,214,15.1,33.0,102,58,89.10000000000001
3,2413,Y6028915,257,15.1,30.0,102,58,72.0
3,2413,Y6028915,289,15.1,68.0,102,58,102.0
3,2413,Y6028915,340,15.1,35.0,102,58,101.5
3,2413,Y6028915,341,15.1,35.0,102,58,101.5
3,2413,Y6028915,503,7.1,41.0,68,47,45.1
3,2413,Y6028915,568,15.1,42.0,102,58,100.8
3,2413,Y6028915,569,15.1,42.0,102,58,100.8
3,2413,Y6028915,895,15.1,42.0,102,58,100.8
3,2413,Y6028915,946,15.1,36.0,102,58,100.8
3,7476,B1204683,46,15.1,7.0,102,58,19.599999999999998
3,7476,B1204683,715,15.1,26.0,102,58,72.8
3,7476,B2938516,23,7.1,18.0,68,47,50.4
3,7476,B2938516,45,15.1,36.0,102,58,100.8
3,7476,B2938516,50,15.1,36.0,102,58,100.8
3,7476,B2938516,311,15.1,36.0,102,58,100.8
3,7476,B2938516,646,15.1,7.0,102,58,19.599999999999998
3,7476,B4793602,576,15.1,78.0,102,58,101.4
3,7476,B4793602,998,7.1,13.0,68,47,16.900000000000002
3,7476,C4560927,10,7.1,35.0,68,47,49.0
3,7476,C4560927,690,15.1,36.0,102,58,100.8
3,7476,C6314025,110,7.1,22.0,68,47,61.599999999999994
3,7476,C6314025,250,15.1,36.0,102,58,100.8
3,7476,C6314025,318,15.1,34.0,102,58,102.0
3,7476,C6314025,585,15.1,72.0,102,58,100.8
3,7476,C6314025,938,15.1,36.0,102,58,100.8
3,7476,C7930865,99,7.1,35.0,68,47,45.5
3,7476,C7930865,801,15.1,78.0,102,58,101.4
3,7476,E6210375,32,7.1,16.0,68,47,44.8
3,7476,E6210375,80,15.1,36.0,102,58,100.8
3,7476,E6210375,298,15.1,36.0,102,58,100.8
3,7476,E6210375,1004,7.1,8.0,68,47,22.4
3,7476,F5349612,49,15.1,36.0,102,58,100.8
3,7476,F5349612,743,7.1,2.0,68,47,5.6
3,7476,G7641085,41,15.1,34.0,102,58,102.0
3,7476,G7641085,42,15.1,34.0,102,58,102.0
3,7476,G7641085,43,15.1,34.0,102,58,102.0
3,7476,G7641085,112,7.1,14.0,68,47,39.199999999999996
3,7476,G7641085,739,7.1,6.0,68,47,16.799999999999997
3,7476,G7641085,848,15.1,60.0,102,58,84.0
3,7476,G7641085,942,15.1,36.0,102,58,100.8
3,7476,K3265907,30,15.1,29.0,102,58,81.19999999999999
3,7476,K3265907,624,15.1,51.0,102,58,71.39999999999999
3,7476,K3265907,663,7.1,39.0,68,47,50.7
3,7476,K3265907,931,15.1,36.0,102,58,100.8
3,7476,L1827560,14,15.1,24.0,102,58,72.0
3,7476,L1827560,21,15.1,66.0,102,58,92.39999999999999
3,7476,L1827560,40,15.1,36.0,102,58,100.8
3,7476,L1827560,248,15.1,36.0,102,58,100.8
3,7476,L1827560,279,15.1,31.0,102,58,40.300000000000004
3,7476,L1827560,906,15.1,36.0,102,58,100.8
3,7476,L1827560,907,15.1,3.0,102,58,8.399999999999999
3,7476,M4068951,1,15.1,18.0,102,58,25.2
3,7476,M4068951,102,15.1,34.0,102,58,102.0
3,7476,M4068951,683,15.1,36.0,102,58,100.8
3,7476,M4068951,754,15.1,36.0,102,58,100.8
3,7476,M4068951,755,15.1,14.0,102,58,39.199999999999996
3,7476,O1283795,44,15.1,34.0,102,58,102.0
3,7476,O1283795,204,15.1,7.0,102,58,9.1
3,7476,O1283795,810,15.1,78.0,102,58,101.4
3,7476,O7031842,22,7.1,19.0,68,47,53.199999999999996
3,7476,O7031842,34,7.1,8.0,68,47,24.0
3,7476,O7031842,54,15.1,72.0,102,58,100.8
3,7476,O7031842,59,15.1,34.0,102,58,102.0
3,7476,O7031842,589,15.1,36.0,102,58,100.8
3,7476,O7031842,590,15.1,36.0,102,58,100.8
3,7476,O7031842,686,15.1,36.0,102,58,100.8
3,7476,Q1327495,106,7.1,31.0,68,47,40.300000000000004
3,7476,Q1327495,211,15.1,36.0,102,58,100.8
3,7476,Q1327495,951,15.1,36.0,102,58,100.8
3,7476,Q3096541,26,7.1,38.0,68,47,49.4
3,7476,Q3096541,48,15.1,78.0,102,58,101.4
3,7476,Q3096541,95,15.1,1.0,102,58,2.8
3,7476,Q3096541,708,15.1,32.0,102,58,89.6
3,7476,R0298165,4,15.1,59.0,102,58,82.6
3,7476,R6480235,27,15.1,34.0,102,58,102.0
3,7476,R6480235,896,15.1,36.0,102,58,100.8
3,7476,R6480235,897,15.1,6.0,102,58,16.799999999999997
3,7476,S9015746,290,15.1,34.0,102,58,102.0
3,7476,T2681740,17,15.1,36.0,102,58,100.8
3,7476,T2681740,79,7.1,44.0,68,47,57.2
3,7476,T2681740,734,7.1,10.0,68,47,28.0
3,7476,V9826073,36,15.1,36.0,102,58,100.8
3,7476,V9826073,37,15.1,10.0,102,58,28.0
3,7476,V9826073,587,15.1,36.0,102,58,100.8
3,7476,V9826073,588,15.1,36.0,102,58,100.8
3,7476,X6270184,13,15.1,36.0,102,58,100.8
3,7476,X6270184,28,15.1,32.0,102,58,89.6
3,7476,X6270184,288,15.1,29.0,102,58,81.19999999999999
3,7476,X6270184,788,15.1,78.0,102,58,101.4
3,7476,X6270184,789,15.1,8.0,102,58,10.4
3,7476,Y0792348,9,15.1,30.0,102,58,39.0
3,7476,Y0792348,47,15.1,78.0,102,58,101.4
3,7476,Y0792348,944,15.1,36.0,102,58,100.8
3,7476,Y0829641,16,15.1,36.0,102,58,100.8
3,7476,Y0829641,313,15.1,34.0,102,58,102.0
3,7476,Y0829641,584,15.1,72.0,102,58,100.8
3,7476,Y0829641,628,7.1,49.0,68,47,63.7
3,7476,Y0829641,861,15.1,36.0,102,58,100.8
3,7476,Y0829641,862,15.1,16.0,102,58,44.8
3,7476,Y0829641,1006,7.1,7.0,68,47,9.799999999999999
3,7476,Y6028915,20,15.1,4.0,102,58,11.2
3,7476,Y6028915,945,15.1,36.0,102,58,100.8
3,7476,Y6028915,1008,7.1,7.0,68,47,9.799999999999999
